evidence,n
manual,5
oa journal (via doaj),1223
oa journal (via doaj)&oa repository (semantic scholar lookup),217
oa journal (via doaj)&oa repository (semantic scholar lookup)&oa repository (via OAI-PMH doi match),251
oa journal (via doaj)&oa repository (semantic scholar lookup)&oa repository (via OAI-PMH doi match)&oa repository (via OAI-PMH title and first author match),101
oa journal (via doaj)&oa repository (semantic scholar lookup)&oa repository (via OAI-PMH doi match)&oa repository (via OAI-PMH title and first author match)&oa repository (via OAI-PMH title and last author match)&oa repository (via pmcid lookup),2
oa journal (via doaj)&oa repository (semantic scholar lookup)&oa repository (via OAI-PMH doi match)&oa repository (via OAI-PMH title and first author match)&oa repository (via OAI-PMH title and last author match)&oa repository (via pmcid lookup)&open (via free pdf),2
oa journal (via doaj)&oa repository (semantic scholar lookup)&oa repository (via OAI-PMH doi match)&oa repository (via OAI-PMH title and first author match)&oa repository (via OAI-PMH title and last author match)&oa repository (via pmcid lookup)&open (via page says license),45
oa journal (via doaj)&oa repository (semantic scholar lookup)&oa repository (via OAI-PMH doi match)&oa repository (via OAI-PMH title and first author match)&oa repository (via OAI-PMH title and last author match)&oa repository (via pmcid lookup)&open (via page says Open Access),6
oa journal (via doaj)&oa repository (semantic scholar lookup)&oa repository (via OAI-PMH doi match)&oa repository (via OAI-PMH title and first author match)&oa repository (via OAI-PMH title and last author match)&open (via free pdf),1
oa journal (via doaj)&oa repository (semantic scholar lookup)&oa repository (via OAI-PMH doi match)&oa repository (via OAI-PMH title and first author match)&oa repository (via OAI-PMH title and last author match)&open (via page says license),14
oa journal (via doaj)&oa repository (semantic scholar lookup)&oa repository (via OAI-PMH doi match)&oa repository (via OAI-PMH title and first author match)&oa repository (via OAI-PMH title match)&oa repository (via pmcid lookup),1
oa journal (via doaj)&oa repository (semantic scholar lookup)&oa repository (via OAI-PMH doi match)&oa repository (via OAI-PMH title and first author match)&oa repository (via OAI-PMH title match)&oa repository (via pmcid lookup)&open (via free pdf),2
oa journal (via doaj)&oa repository (semantic scholar lookup)&oa repository (via OAI-PMH doi match)&oa repository (via OAI-PMH title and first author match)&oa repository (via OAI-PMH title match)&oa repository (via pmcid lookup)&open (via page says license),13
oa journal (via doaj)&oa repository (semantic scholar lookup)&oa repository (via OAI-PMH doi match)&oa repository (via OAI-PMH title and first author match)&oa repository (via OAI-PMH title match)&open (via page says license),4
oa journal (via doaj)&oa repository (semantic scholar lookup)&oa repository (via OAI-PMH doi match)&oa repository (via OAI-PMH title and first author match)&oa repository (via pmcid lookup),413
oa journal (via doaj)&oa repository (semantic scholar lookup)&oa repository (via OAI-PMH doi match)&oa repository (via OAI-PMH title and first author match)&oa repository (via pmcid lookup)&open (via free pdf),381
oa journal (via doaj)&oa repository (semantic scholar lookup)&oa repository (via OAI-PMH doi match)&oa repository (via OAI-PMH title and first author match)&oa repository (via pmcid lookup)&open (via page says license),8246
oa journal (via doaj)&oa repository (semantic scholar lookup)&oa repository (via OAI-PMH doi match)&oa repository (via OAI-PMH title and first author match)&oa repository (via pmcid lookup)&open (via page says Open Access),316
oa journal (via doaj)&oa repository (semantic scholar lookup)&oa repository (via OAI-PMH doi match)&oa repository (via OAI-PMH title and first author match)&open (via free pdf),173
oa journal (via doaj)&oa repository (semantic scholar lookup)&oa repository (via OAI-PMH doi match)&oa repository (via OAI-PMH title and first author match)&open (via page says license),1486
oa journal (via doaj)&oa repository (semantic scholar lookup)&oa repository (via OAI-PMH doi match)&oa repository (via OAI-PMH title and first author match)&open (via page says Open Access),2
oa journal (via doaj)&oa repository (semantic scholar lookup)&oa repository (via OAI-PMH doi match)&oa repository (via OAI-PMH title and last author match),1
oa journal (via doaj)&oa repository (semantic scholar lookup)&oa repository (via OAI-PMH doi match)&oa repository (via OAI-PMH title and last author match)&oa repository (via pmcid lookup),5
oa journal (via doaj)&oa repository (semantic scholar lookup)&oa repository (via OAI-PMH doi match)&oa repository (via OAI-PMH title and last author match)&oa repository (via pmcid lookup)&open (via free pdf),2
oa journal (via doaj)&oa repository (semantic scholar lookup)&oa repository (via OAI-PMH doi match)&oa repository (via OAI-PMH title and last author match)&oa repository (via pmcid lookup)&open (via page says license),146
oa journal (via doaj)&oa repository (semantic scholar lookup)&oa repository (via OAI-PMH doi match)&oa repository (via OAI-PMH title and last author match)&oa repository (via pmcid lookup)&open (via page says Open Access),9
oa journal (via doaj)&oa repository (semantic scholar lookup)&oa repository (via OAI-PMH doi match)&oa repository (via OAI-PMH title and last author match)&open (via free pdf),5
oa journal (via doaj)&oa repository (semantic scholar lookup)&oa repository (via OAI-PMH doi match)&oa repository (via OAI-PMH title and last author match)&open (via page says license),15
oa journal (via doaj)&oa repository (semantic scholar lookup)&oa repository (via OAI-PMH doi match)&oa repository (via OAI-PMH title match),2
oa journal (via doaj)&oa repository (semantic scholar lookup)&oa repository (via OAI-PMH doi match)&oa repository (via OAI-PMH title match)&oa repository (via pmcid lookup),3
oa journal (via doaj)&oa repository (semantic scholar lookup)&oa repository (via OAI-PMH doi match)&oa repository (via OAI-PMH title match)&oa repository (via pmcid lookup)&open (via free pdf),2
oa journal (via doaj)&oa repository (semantic scholar lookup)&oa repository (via OAI-PMH doi match)&oa repository (via OAI-PMH title match)&oa repository (via pmcid lookup)&open (via page says license),46
oa journal (via doaj)&oa repository (semantic scholar lookup)&oa repository (via OAI-PMH doi match)&oa repository (via OAI-PMH title match)&open (via page says license),8
oa journal (via doaj)&oa repository (semantic scholar lookup)&oa repository (via OAI-PMH doi match)&oa repository (via pmcid lookup),1049
oa journal (via doaj)&oa repository (semantic scholar lookup)&oa repository (via OAI-PMH doi match)&oa repository (via pmcid lookup)&open (via free pdf),576
oa journal (via doaj)&oa repository (semantic scholar lookup)&oa repository (via OAI-PMH doi match)&oa repository (via pmcid lookup)&open (via page says license),23061
oa journal (via doaj)&oa repository (semantic scholar lookup)&oa repository (via OAI-PMH doi match)&oa repository (via pmcid lookup)&open (via page says Open Access),739
oa journal (via doaj)&oa repository (semantic scholar lookup)&oa repository (via OAI-PMH doi match)&open (via free pdf),298
oa journal (via doaj)&oa repository (semantic scholar lookup)&oa repository (via OAI-PMH doi match)&open (via page says license),2566
oa journal (via doaj)&oa repository (semantic scholar lookup)&oa repository (via OAI-PMH doi match)&open (via page says Open Access),10
oa journal (via doaj)&oa repository (semantic scholar lookup)&oa repository (via OAI-PMH title and first author match),118
oa journal (via doaj)&oa repository (semantic scholar lookup)&oa repository (via OAI-PMH title and first author match)&oa repository (via OAI-PMH title and last author match),1
oa journal (via doaj)&oa repository (semantic scholar lookup)&oa repository (via OAI-PMH title and first author match)&oa repository (via OAI-PMH title and last author match)&oa repository (via OAI-PMH title match)&open (via page says license),1
oa journal (via doaj)&oa repository (semantic scholar lookup)&oa repository (via OAI-PMH title and first author match)&oa repository (via OAI-PMH title and last author match)&oa repository (via pmcid lookup)&open (via page says license),2
oa journal (via doaj)&oa repository (semantic scholar lookup)&oa repository (via OAI-PMH title and first author match)&oa repository (via OAI-PMH title and last author match)&open (via page says license),10
oa journal (via doaj)&oa repository (semantic scholar lookup)&oa repository (via OAI-PMH title and first author match)&oa repository (via pmcid lookup),26
oa journal (via doaj)&oa repository (semantic scholar lookup)&oa repository (via OAI-PMH title and first author match)&oa repository (via pmcid lookup)&open (via free pdf),27
oa journal (via doaj)&oa repository (semantic scholar lookup)&oa repository (via OAI-PMH title and first author match)&oa repository (via pmcid lookup)&open (via page says license),845
oa journal (via doaj)&oa repository (semantic scholar lookup)&oa repository (via OAI-PMH title and first author match)&oa repository (via pmcid lookup)&open (via page says Open Access),4
oa journal (via doaj)&oa repository (semantic scholar lookup)&oa repository (via OAI-PMH title and first author match)&open (via free pdf),159
oa journal (via doaj)&oa repository (semantic scholar lookup)&oa repository (via OAI-PMH title and first author match)&open (via page says license),1860
oa journal (via doaj)&oa repository (semantic scholar lookup)&oa repository (via OAI-PMH title and first author match)&open (via page says Open Access),8
oa journal (via doaj)&oa repository (semantic scholar lookup)&oa repository (via OAI-PMH title and last author match)&oa repository (via pmcid lookup)&open (via page says license),13
oa journal (via doaj)&oa repository (semantic scholar lookup)&oa repository (via OAI-PMH title and last author match)&open (via free pdf),4
oa journal (via doaj)&oa repository (semantic scholar lookup)&oa repository (via OAI-PMH title and last author match)&open (via page says license),23
oa journal (via doaj)&oa repository (semantic scholar lookup)&oa repository (via OAI-PMH title match)&oa repository (via pmcid lookup)&open (via free pdf),1
oa journal (via doaj)&oa repository (semantic scholar lookup)&oa repository (via OAI-PMH title match)&oa repository (via pmcid lookup)&open (via page says license),3
oa journal (via doaj)&oa repository (semantic scholar lookup)&oa repository (via OAI-PMH title match)&open (via free pdf),1
oa journal (via doaj)&oa repository (semantic scholar lookup)&oa repository (via OAI-PMH title match)&open (via page says license),13
oa journal (via doaj)&oa repository (semantic scholar lookup)&oa repository (via pmcid lookup),69
oa journal (via doaj)&oa repository (semantic scholar lookup)&oa repository (via pmcid lookup)&open (via free pdf),62
oa journal (via doaj)&oa repository (semantic scholar lookup)&oa repository (via pmcid lookup)&open (via page says license),2963
oa journal (via doaj)&oa repository (semantic scholar lookup)&oa repository (via pmcid lookup)&open (via page says Open Access),2
oa journal (via doaj)&oa repository (semantic scholar lookup)&open (via free pdf),483
oa journal (via doaj)&oa repository (semantic scholar lookup)&open (via page says license),3472
oa journal (via doaj)&oa repository (semantic scholar lookup)&open (via page says Open Access),10
oa journal (via doaj)&oa repository (via OAI-PMH doi match),1255
oa journal (via doaj)&oa repository (via OAI-PMH doi match)&oa repository (via OAI-PMH title and first author match),846
oa journal (via doaj)&oa repository (via OAI-PMH doi match)&oa repository (via OAI-PMH title and first author match)&oa repository (via OAI-PMH title and last author match),5
oa journal (via doaj)&oa repository (via OAI-PMH doi match)&oa repository (via OAI-PMH title and first author match)&oa repository (via OAI-PMH title and last author match)&oa repository (via OAI-PMH title match)&oa repository (via pmcid lookup)&open (via page says license),1
oa journal (via doaj)&oa repository (via OAI-PMH doi match)&oa repository (via OAI-PMH title and first author match)&oa repository (via OAI-PMH title and last author match)&oa repository (via pmcid lookup),9
oa journal (via doaj)&oa repository (via OAI-PMH doi match)&oa repository (via OAI-PMH title and first author match)&oa repository (via OAI-PMH title and last author match)&oa repository (via pmcid lookup)&open (via free pdf),1
oa journal (via doaj)&oa repository (via OAI-PMH doi match)&oa repository (via OAI-PMH title and first author match)&oa repository (via OAI-PMH title and last author match)&oa repository (via pmcid lookup)&open (via page says license),64
oa journal (via doaj)&oa repository (via OAI-PMH doi match)&oa repository (via OAI-PMH title and first author match)&oa repository (via OAI-PMH title and last author match)&open (via page says license),12
oa journal (via doaj)&oa repository (via OAI-PMH doi match)&oa repository (via OAI-PMH title and first author match)&oa repository (via OAI-PMH title match),1
oa journal (via doaj)&oa repository (via OAI-PMH doi match)&oa repository (via OAI-PMH title and first author match)&oa repository (via OAI-PMH title match)&oa repository (via pmcid lookup),3
oa journal (via doaj)&oa repository (via OAI-PMH doi match)&oa repository (via OAI-PMH title and first author match)&oa repository (via OAI-PMH title match)&oa repository (via pmcid lookup)&open (via free pdf),2
oa journal (via doaj)&oa repository (via OAI-PMH doi match)&oa repository (via OAI-PMH title and first author match)&oa repository (via OAI-PMH title match)&oa repository (via pmcid lookup)&open (via page says license),19
oa journal (via doaj)&oa repository (via OAI-PMH doi match)&oa repository (via OAI-PMH title and first author match)&oa repository (via OAI-PMH title match)&open (via free pdf),1
oa journal (via doaj)&oa repository (via OAI-PMH doi match)&oa repository (via OAI-PMH title and first author match)&oa repository (via OAI-PMH title match)&open (via page says license),4
oa journal (via doaj)&oa repository (via OAI-PMH doi match)&oa repository (via OAI-PMH title and first author match)&oa repository (via pmcid lookup),1516
oa journal (via doaj)&oa repository (via OAI-PMH doi match)&oa repository (via OAI-PMH title and first author match)&oa repository (via pmcid lookup)&open (via free pdf),150
oa journal (via doaj)&oa repository (via OAI-PMH doi match)&oa repository (via OAI-PMH title and first author match)&oa repository (via pmcid lookup)&open (via page says license),9389
oa journal (via doaj)&oa repository (via OAI-PMH doi match)&oa repository (via OAI-PMH title and first author match)&oa repository (via pmcid lookup)&open (via page says Open Access),26
oa journal (via doaj)&oa repository (via OAI-PMH doi match)&oa repository (via OAI-PMH title and first author match)&open (via free pdf),239
oa journal (via doaj)&oa repository (via OAI-PMH doi match)&oa repository (via OAI-PMH title and first author match)&open (via page says license),2059
oa journal (via doaj)&oa repository (via OAI-PMH doi match)&oa repository (via OAI-PMH title and first author match)&open (via page says Open Access),4
oa journal (via doaj)&oa repository (via OAI-PMH doi match)&oa repository (via OAI-PMH title and last author match),9
oa journal (via doaj)&oa repository (via OAI-PMH doi match)&oa repository (via OAI-PMH title and last author match)&oa repository (via pmcid lookup),24
oa journal (via doaj)&oa repository (via OAI-PMH doi match)&oa repository (via OAI-PMH title and last author match)&oa repository (via pmcid lookup)&open (via free pdf),1
oa journal (via doaj)&oa repository (via OAI-PMH doi match)&oa repository (via OAI-PMH title and last author match)&oa repository (via pmcid lookup)&open (via page says license),146
oa journal (via doaj)&oa repository (via OAI-PMH doi match)&oa repository (via OAI-PMH title and last author match)&open (via free pdf),4
oa journal (via doaj)&oa repository (via OAI-PMH doi match)&oa repository (via OAI-PMH title and last author match)&open (via page says license),24
oa journal (via doaj)&oa repository (via OAI-PMH doi match)&oa repository (via OAI-PMH title and last author match)&open (via page says Open Access),3
oa journal (via doaj)&oa repository (via OAI-PMH doi match)&oa repository (via OAI-PMH title match),2
oa journal (via doaj)&oa repository (via OAI-PMH doi match)&oa repository (via OAI-PMH title match)&oa repository (via pmcid lookup),7
oa journal (via doaj)&oa repository (via OAI-PMH doi match)&oa repository (via OAI-PMH title match)&oa repository (via pmcid lookup)&open (via free pdf),3
oa journal (via doaj)&oa repository (via OAI-PMH doi match)&oa repository (via OAI-PMH title match)&oa repository (via pmcid lookup)&open (via page says license),29
oa journal (via doaj)&oa repository (via OAI-PMH doi match)&oa repository (via OAI-PMH title match)&open (via page says license),6
oa journal (via doaj)&oa repository (via OAI-PMH doi match)&oa repository (via pmcid lookup),3844
oa journal (via doaj)&oa repository (via OAI-PMH doi match)&oa repository (via pmcid lookup)&open (via free pdf),357
oa journal (via doaj)&oa repository (via OAI-PMH doi match)&oa repository (via pmcid lookup)&open (via page says license),20293
oa journal (via doaj)&oa repository (via OAI-PMH doi match)&oa repository (via pmcid lookup)&open (via page says Open Access),76
oa journal (via doaj)&oa repository (via OAI-PMH doi match)&open (via free pdf),454
oa journal (via doaj)&oa repository (via OAI-PMH doi match)&open (via page says license),3054
oa journal (via doaj)&oa repository (via OAI-PMH doi match)&open (via page says Open Access),13
oa journal (via doaj)&oa repository (via OAI-PMH title and first author match),374
oa journal (via doaj)&oa repository (via OAI-PMH title and first author match)&oa repository (via OAI-PMH title and last author match)&oa repository (via pmcid lookup),1
oa journal (via doaj)&oa repository (via OAI-PMH title and first author match)&oa repository (via OAI-PMH title and last author match)&oa repository (via pmcid lookup)&open (via page says license),3
oa journal (via doaj)&oa repository (via OAI-PMH title and first author match)&oa repository (via OAI-PMH title and last author match)&open (via page says license),3
oa journal (via doaj)&oa repository (via OAI-PMH title and first author match)&oa repository (via OAI-PMH title match),2
oa journal (via doaj)&oa repository (via OAI-PMH title and first author match)&oa repository (via OAI-PMH title match)&oa repository (via pmcid lookup)&open (via page says license),2
oa journal (via doaj)&oa repository (via OAI-PMH title and first author match)&oa repository (via OAI-PMH title match)&open (via page says license),2
oa journal (via doaj)&oa repository (via OAI-PMH title and first author match)&oa repository (via pmcid lookup),155
oa journal (via doaj)&oa repository (via OAI-PMH title and first author match)&oa repository (via pmcid lookup)&open (via free pdf),24
oa journal (via doaj)&oa repository (via OAI-PMH title and first author match)&oa repository (via pmcid lookup)&open (via page says license),607
oa journal (via doaj)&oa repository (via OAI-PMH title and first author match)&open (via free pdf),143
oa journal (via doaj)&oa repository (via OAI-PMH title and first author match)&open (via page says license),1042
oa journal (via doaj)&oa repository (via OAI-PMH title and first author match)&open (via page says Open Access),7
oa journal (via doaj)&oa repository (via OAI-PMH title and last author match),3
oa journal (via doaj)&oa repository (via OAI-PMH title and last author match)&oa repository (via pmcid lookup),1
oa journal (via doaj)&oa repository (via OAI-PMH title and last author match)&oa repository (via pmcid lookup)&open (via page says license),11
oa journal (via doaj)&oa repository (via OAI-PMH title and last author match)&open (via free pdf),3
oa journal (via doaj)&oa repository (via OAI-PMH title and last author match)&open (via page says license),19
oa journal (via doaj)&oa repository (via OAI-PMH title match)&oa repository (via pmcid lookup)&open (via free pdf),1
oa journal (via doaj)&oa repository (via OAI-PMH title match)&open (via page says license),7
oa journal (via doaj)&oa repository (via pmcid lookup),491
oa journal (via doaj)&oa repository (via pmcid lookup)&open (via free pdf),118
oa journal (via doaj)&oa repository (via pmcid lookup)&open (via page says license),1568
oa journal (via doaj)&oa repository (via pmcid lookup)&open (via page says Open Access),1
oa journal (via doaj)&open (via free pdf),780
oa journal (via doaj)&open (via page says license),2210
oa journal (via doaj)&open (via page says Open Access),17
oa journal (via observed oa rate),86
oa journal (via observed oa rate)&oa repository (semantic scholar lookup),13
oa journal (via observed oa rate)&oa repository (semantic scholar lookup)&oa repository (via OAI-PMH doi match),1
oa journal (via observed oa rate)&oa repository (semantic scholar lookup)&oa repository (via OAI-PMH doi match)&oa repository (via OAI-PMH title and first author match),1
oa journal (via observed oa rate)&oa repository (semantic scholar lookup)&oa repository (via OAI-PMH doi match)&oa repository (via OAI-PMH title and first author match)&oa repository (via OAI-PMH title and last author match)&oa repository (via pmcid lookup)&open (via free pdf),1
oa journal (via observed oa rate)&oa repository (semantic scholar lookup)&oa repository (via OAI-PMH doi match)&oa repository (via OAI-PMH title and first author match)&oa repository (via OAI-PMH title and last author match)&oa repository (via pmcid lookup)&open (via page says license),1
oa journal (via observed oa rate)&oa repository (semantic scholar lookup)&oa repository (via OAI-PMH doi match)&oa repository (via OAI-PMH title and first author match)&oa repository (via pmcid lookup),4
oa journal (via observed oa rate)&oa repository (semantic scholar lookup)&oa repository (via OAI-PMH doi match)&oa repository (via OAI-PMH title and first author match)&oa repository (via pmcid lookup)&open (via free pdf),63
oa journal (via observed oa rate)&oa repository (semantic scholar lookup)&oa repository (via OAI-PMH doi match)&oa repository (via OAI-PMH title and first author match)&oa repository (via pmcid lookup)&open (via page says license),155
oa journal (via observed oa rate)&oa repository (semantic scholar lookup)&oa repository (via OAI-PMH doi match)&oa repository (via OAI-PMH title and first author match)&open (via free pdf),17
oa journal (via observed oa rate)&oa repository (semantic scholar lookup)&oa repository (via OAI-PMH doi match)&oa repository (via OAI-PMH title and first author match)&open (via page says license),8
oa journal (via observed oa rate)&oa repository (semantic scholar lookup)&oa repository (via OAI-PMH doi match)&oa repository (via OAI-PMH title and last author match)&oa repository (via pmcid lookup)&open (via free pdf),7
oa journal (via observed oa rate)&oa repository (semantic scholar lookup)&oa repository (via OAI-PMH doi match)&oa repository (via OAI-PMH title and last author match)&oa repository (via pmcid lookup)&open (via page says license),3
oa journal (via observed oa rate)&oa repository (semantic scholar lookup)&oa repository (via OAI-PMH doi match)&oa repository (via OAI-PMH title match)&oa repository (via pmcid lookup)&open (via free pdf),4
oa journal (via observed oa rate)&oa repository (semantic scholar lookup)&oa repository (via OAI-PMH doi match)&oa repository (via OAI-PMH title match)&oa repository (via pmcid lookup)&open (via page says license),1
oa journal (via observed oa rate)&oa repository (semantic scholar lookup)&oa repository (via OAI-PMH doi match)&oa repository (via pmcid lookup),19
oa journal (via observed oa rate)&oa repository (semantic scholar lookup)&oa repository (via OAI-PMH doi match)&oa repository (via pmcid lookup)&open (via free pdf),481
oa journal (via observed oa rate)&oa repository (semantic scholar lookup)&oa repository (via OAI-PMH doi match)&oa repository (via pmcid lookup)&open (via page says license),773
oa journal (via observed oa rate)&oa repository (semantic scholar lookup)&oa repository (via OAI-PMH doi match)&open (via free pdf),54
oa journal (via observed oa rate)&oa repository (semantic scholar lookup)&oa repository (via OAI-PMH doi match)&open (via page says license),25
oa journal (via observed oa rate)&oa repository (semantic scholar lookup)&oa repository (via OAI-PMH title and first author match),2
oa journal (via observed oa rate)&oa repository (semantic scholar lookup)&oa repository (via OAI-PMH title and first author match)&oa repository (via pmcid lookup)&open (via free pdf),4
oa journal (via observed oa rate)&oa repository (semantic scholar lookup)&oa repository (via OAI-PMH title and first author match)&oa repository (via pmcid lookup)&open (via page says license),35
oa journal (via observed oa rate)&oa repository (semantic scholar lookup)&oa repository (via OAI-PMH title and first author match)&open (via free pdf),23
oa journal (via observed oa rate)&oa repository (semantic scholar lookup)&oa repository (via OAI-PMH title and first author match)&open (via page says license),26
oa journal (via observed oa rate)&oa repository (semantic scholar lookup)&oa repository (via OAI-PMH title and first author match)&open (via page says Open Access),2
oa journal (via observed oa rate)&oa repository (semantic scholar lookup)&oa repository (via OAI-PMH title and last author match)&oa repository (via pmcid lookup)&open (via page says license),3
oa journal (via observed oa rate)&oa repository (semantic scholar lookup)&oa repository (via OAI-PMH title and last author match)&open (via free pdf),1
oa journal (via observed oa rate)&oa repository (semantic scholar lookup)&oa repository (via OAI-PMH title and last author match)&open (via page says license),1
oa journal (via observed oa rate)&oa repository (semantic scholar lookup)&oa repository (via OAI-PMH title match)&oa repository (via pmcid lookup)&open (via page says license),8
oa journal (via observed oa rate)&oa repository (semantic scholar lookup)&oa repository (via pmcid lookup)&open (via free pdf),36
oa journal (via observed oa rate)&oa repository (semantic scholar lookup)&oa repository (via pmcid lookup)&open (via page says license),53
oa journal (via observed oa rate)&oa repository (semantic scholar lookup)&open (via free pdf),372
oa journal (via observed oa rate)&oa repository (semantic scholar lookup)&open (via page says license),78
oa journal (via observed oa rate)&oa repository (via OAI-PMH doi match),12
oa journal (via observed oa rate)&oa repository (via OAI-PMH doi match)&oa repository (via OAI-PMH title and first author match)&oa repository (via OAI-PMH title and last author match)&oa repository (via pmcid lookup)&open (via free pdf),2
oa journal (via observed oa rate)&oa repository (via OAI-PMH doi match)&oa repository (via OAI-PMH title and first author match)&oa repository (via pmcid lookup),8
oa journal (via observed oa rate)&oa repository (via OAI-PMH doi match)&oa repository (via OAI-PMH title and first author match)&oa repository (via pmcid lookup)&open (via free pdf),72
oa journal (via observed oa rate)&oa repository (via OAI-PMH doi match)&oa repository (via OAI-PMH title and first author match)&oa repository (via pmcid lookup)&open (via page says license),145
oa journal (via observed oa rate)&oa repository (via OAI-PMH doi match)&oa repository (via OAI-PMH title and first author match)&oa repository (via pmcid lookup)&open (via page says Open Access),1
oa journal (via observed oa rate)&oa repository (via OAI-PMH doi match)&oa repository (via OAI-PMH title and first author match)&open (via free pdf),12
oa journal (via observed oa rate)&oa repository (via OAI-PMH doi match)&oa repository (via OAI-PMH title and first author match)&open (via page says license),13
oa journal (via observed oa rate)&oa repository (via OAI-PMH doi match)&oa repository (via OAI-PMH title and first author match)&open (via page says Open Access),1
oa journal (via observed oa rate)&oa repository (via OAI-PMH doi match)&oa repository (via OAI-PMH title and last author match)&oa repository (via pmcid lookup)&open (via free pdf),5
oa journal (via observed oa rate)&oa repository (via OAI-PMH doi match)&oa repository (via OAI-PMH title and last author match)&oa repository (via pmcid lookup)&open (via page says license),3
oa journal (via observed oa rate)&oa repository (via OAI-PMH doi match)&oa repository (via OAI-PMH title match)&oa repository (via pmcid lookup)&open (via free pdf),5
oa journal (via observed oa rate)&oa repository (via OAI-PMH doi match)&oa repository (via pmcid lookup),21
oa journal (via observed oa rate)&oa repository (via OAI-PMH doi match)&oa repository (via pmcid lookup)&open (via free pdf),537
oa journal (via observed oa rate)&oa repository (via OAI-PMH doi match)&oa repository (via pmcid lookup)&open (via page says license),455
oa journal (via observed oa rate)&oa repository (via OAI-PMH doi match)&oa repository (via pmcid lookup)&open (via page says Open Access),3
oa journal (via observed oa rate)&oa repository (via OAI-PMH doi match)&open (via free pdf),61
oa journal (via observed oa rate)&oa repository (via OAI-PMH doi match)&open (via page says license),50
oa journal (via observed oa rate)&oa repository (via OAI-PMH doi match)&open (via page says Open Access),2
oa journal (via observed oa rate)&oa repository (via OAI-PMH title and first author match),9
oa journal (via observed oa rate)&oa repository (via OAI-PMH title and first author match)&oa repository (via pmcid lookup),3
oa journal (via observed oa rate)&oa repository (via OAI-PMH title and first author match)&oa repository (via pmcid lookup)&open (via free pdf),9
oa journal (via observed oa rate)&oa repository (via OAI-PMH title and first author match)&oa repository (via pmcid lookup)&open (via page says license),4
oa journal (via observed oa rate)&oa repository (via OAI-PMH title and first author match)&open (via free pdf),44
oa journal (via observed oa rate)&oa repository (via OAI-PMH title and first author match)&open (via page says license),30
oa journal (via observed oa rate)&oa repository (via OAI-PMH title and last author match)&oa repository (via pmcid lookup),1
oa journal (via observed oa rate)&oa repository (via OAI-PMH title and last author match)&oa repository (via pmcid lookup)&open (via free pdf),1
oa journal (via observed oa rate)&oa repository (via OAI-PMH title match)&oa repository (via pmcid lookup)&open (via free pdf),2
oa journal (via observed oa rate)&oa repository (via OAI-PMH title match)&oa repository (via pmcid lookup)&open (via page says license),1
oa journal (via observed oa rate)&oa repository (via pmcid lookup),28
oa journal (via observed oa rate)&oa repository (via pmcid lookup)&open (via free pdf),94
oa journal (via observed oa rate)&oa repository (via pmcid lookup)&open (via page says license),39
oa journal (via observed oa rate)&open (via free article),1
oa journal (via observed oa rate)&open (via free pdf),381
oa journal (via observed oa rate)&open (via page says license),228
oa journal (via observed oa rate)&open (via page says Open Access),3
oa journal (via publisher name),1
oa journal (via publisher name)&oa repository (semantic scholar lookup),1
oa journal (via publisher name)&oa repository (semantic scholar lookup)&oa repository (via OAI-PMH doi match)&oa repository (via OAI-PMH title and first author match)&oa repository (via pmcid lookup)&open (via page says license),2
oa journal (via publisher name)&oa repository (semantic scholar lookup)&oa repository (via OAI-PMH doi match)&oa repository (via pmcid lookup)&open (via page says license),2
oa journal (via publisher name)&oa repository (semantic scholar lookup)&oa repository (via OAI-PMH doi match)&open (via page says license),6
oa journal (via publisher name)&oa repository (semantic scholar lookup)&oa repository (via OAI-PMH title and first author match)&open (via free pdf),1
oa journal (via publisher name)&oa repository (semantic scholar lookup)&oa repository (via OAI-PMH title and first author match)&open (via page says license),5
oa journal (via publisher name)&oa repository (semantic scholar lookup)&open (via free pdf),1
oa journal (via publisher name)&oa repository (semantic scholar lookup)&open (via page says license),12
oa journal (via publisher name)&oa repository (via OAI-PMH doi match),1
oa journal (via publisher name)&oa repository (via OAI-PMH doi match)&oa repository (via OAI-PMH title and first author match)&open (via page says license),3
oa journal (via publisher name)&oa repository (via OAI-PMH title and first author match)&open (via page says license),1
oa journal (via publisher name)&open (via page says license),9
oa repository (semantic scholar lookup),12377
oa repository (semantic scholar lookup)&oa repository (via OAI-PMH doi match),13971
oa repository (semantic scholar lookup)&oa repository (via OAI-PMH doi match)&oa repository (via OAI-PMH title and first author match),2741
oa repository (semantic scholar lookup)&oa repository (via OAI-PMH doi match)&oa repository (via OAI-PMH title and first author match)&oa repository (via OAI-PMH title and last author match),15
oa repository (semantic scholar lookup)&oa repository (via OAI-PMH doi match)&oa repository (via OAI-PMH title and first author match)&oa repository (via OAI-PMH title and last author match)&oa repository (via pmcid lookup),1
oa repository (semantic scholar lookup)&oa repository (via OAI-PMH doi match)&oa repository (via OAI-PMH title and first author match)&oa repository (via OAI-PMH title and last author match)&oa repository (via pmcid lookup)&open (via crossref license)&open (via page says Open Access),2
oa repository (semantic scholar lookup)&oa repository (via OAI-PMH doi match)&oa repository (via OAI-PMH title and first author match)&oa repository (via OAI-PMH title and last author match)&oa repository (via pmcid lookup)&open (via free pdf),7
oa repository (semantic scholar lookup)&oa repository (via OAI-PMH doi match)&oa repository (via OAI-PMH title and first author match)&oa repository (via OAI-PMH title and last author match)&oa repository (via pmcid lookup)&open (via page says license),2
oa repository (semantic scholar lookup)&oa repository (via OAI-PMH doi match)&oa repository (via OAI-PMH title and first author match)&oa repository (via OAI-PMH title and last author match)&oa repository (via pmcid lookup)&open (via page says Open Access),3
"oa repository (semantic scholar lookup)&oa repository (via OAI-PMH doi match)&oa repository (via OAI-PMH title and first author match)&oa repository (via OAI-PMH title and last author match)&open (via crossref license, author manuscript)",2
oa repository (semantic scholar lookup)&oa repository (via OAI-PMH doi match)&oa repository (via OAI-PMH title and first author match)&oa repository (via OAI-PMH title and last author match)&open (via free pdf),22
oa repository (semantic scholar lookup)&oa repository (via OAI-PMH doi match)&oa repository (via OAI-PMH title and first author match)&oa repository (via OAI-PMH title and last author match)&open (via page says license),1
oa repository (semantic scholar lookup)&oa repository (via OAI-PMH doi match)&oa repository (via OAI-PMH title and first author match)&oa repository (via OAI-PMH title match),6
oa repository (semantic scholar lookup)&oa repository (via OAI-PMH doi match)&oa repository (via OAI-PMH title and first author match)&oa repository (via OAI-PMH title match)&oa repository (via pmcid lookup),1
oa repository (semantic scholar lookup)&oa repository (via OAI-PMH doi match)&oa repository (via OAI-PMH title and first author match)&oa repository (via OAI-PMH title match)&oa repository (via pmcid lookup)&open (via free pdf),5
oa repository (semantic scholar lookup)&oa repository (via OAI-PMH doi match)&oa repository (via OAI-PMH title and first author match)&oa repository (via OAI-PMH title match)&oa repository (via pmcid lookup)&open (via page says license),5
oa repository (semantic scholar lookup)&oa repository (via OAI-PMH doi match)&oa repository (via OAI-PMH title and first author match)&oa repository (via OAI-PMH title match)&oa repository (via pmcid lookup)&open (via page says Open Access),1
oa repository (semantic scholar lookup)&oa repository (via OAI-PMH doi match)&oa repository (via OAI-PMH title and first author match)&oa repository (via OAI-PMH title match)&open (via free pdf),6
oa repository (semantic scholar lookup)&oa repository (via OAI-PMH doi match)&oa repository (via OAI-PMH title and first author match)&oa repository (via pmcid lookup),308
"oa repository (semantic scholar lookup)&oa repository (via OAI-PMH doi match)&oa repository (via OAI-PMH title and first author match)&oa repository (via pmcid lookup)&open (via crossref license, author manuscript)",1
oa repository (semantic scholar lookup)&oa repository (via OAI-PMH doi match)&oa repository (via OAI-PMH title and first author match)&oa repository (via pmcid lookup)&open (via crossref license),17
oa repository (semantic scholar lookup)&oa repository (via OAI-PMH doi match)&oa repository (via OAI-PMH title and first author match)&oa repository (via pmcid lookup)&open (via crossref license)&open (via free pdf),3
oa repository (semantic scholar lookup)&oa repository (via OAI-PMH doi match)&oa repository (via OAI-PMH title and first author match)&oa repository (via pmcid lookup)&open (via crossref license)&open (via page says license),38
oa repository (semantic scholar lookup)&oa repository (via OAI-PMH doi match)&oa repository (via OAI-PMH title and first author match)&oa repository (via pmcid lookup)&open (via crossref license)&open (via page says Open Access),30
oa repository (semantic scholar lookup)&oa repository (via OAI-PMH doi match)&oa repository (via OAI-PMH title and first author match)&oa repository (via pmcid lookup)&open (via free article),6
oa repository (semantic scholar lookup)&oa repository (via OAI-PMH doi match)&oa repository (via OAI-PMH title and first author match)&oa repository (via pmcid lookup)&open (via free pdf),1343
oa repository (semantic scholar lookup)&oa repository (via OAI-PMH doi match)&oa repository (via OAI-PMH title and first author match)&oa repository (via pmcid lookup)&open (via page says license),562
oa repository (semantic scholar lookup)&oa repository (via OAI-PMH doi match)&oa repository (via OAI-PMH title and first author match)&oa repository (via pmcid lookup)&open (via page says Open Access),264
"oa repository (semantic scholar lookup)&oa repository (via OAI-PMH doi match)&oa repository (via OAI-PMH title and first author match)&open (via crossref license, author manuscript)",245
"oa repository (semantic scholar lookup)&oa repository (via OAI-PMH doi match)&oa repository (via OAI-PMH title and first author match)&open (via crossref license, author manuscript)&open (via free pdf)",1
oa repository (semantic scholar lookup)&oa repository (via OAI-PMH doi match)&oa repository (via OAI-PMH title and first author match)&open (via crossref license),25
oa repository (semantic scholar lookup)&oa repository (via OAI-PMH doi match)&oa repository (via OAI-PMH title and first author match)&open (via crossref license)&open (via free pdf),14
oa repository (semantic scholar lookup)&oa repository (via OAI-PMH doi match)&oa repository (via OAI-PMH title and first author match)&open (via crossref license)&open (via page says license),211
oa repository (semantic scholar lookup)&oa repository (via OAI-PMH doi match)&oa repository (via OAI-PMH title and first author match)&open (via crossref license)&open (via page says Open Access),1
oa repository (semantic scholar lookup)&oa repository (via OAI-PMH doi match)&oa repository (via OAI-PMH title and first author match)&open (via free article),5
oa repository (semantic scholar lookup)&oa repository (via OAI-PMH doi match)&oa repository (via OAI-PMH title and first author match)&open (via free pdf),2132
oa repository (semantic scholar lookup)&oa repository (via OAI-PMH doi match)&oa repository (via OAI-PMH title and first author match)&open (via page says license),247
oa repository (semantic scholar lookup)&oa repository (via OAI-PMH doi match)&oa repository (via OAI-PMH title and first author match)&open (via page says Open Access),70
oa repository (semantic scholar lookup)&oa repository (via OAI-PMH doi match)&oa repository (via OAI-PMH title and last author match),45
oa repository (semantic scholar lookup)&oa repository (via OAI-PMH doi match)&oa repository (via OAI-PMH title and last author match)&oa repository (via OAI-PMH title match),1
oa repository (semantic scholar lookup)&oa repository (via OAI-PMH doi match)&oa repository (via OAI-PMH title and last author match)&oa repository (via OAI-PMH title match)&oa repository (via pmcid lookup)&open (via free pdf),1
oa repository (semantic scholar lookup)&oa repository (via OAI-PMH doi match)&oa repository (via OAI-PMH title and last author match)&oa repository (via pmcid lookup),8
oa repository (semantic scholar lookup)&oa repository (via OAI-PMH doi match)&oa repository (via OAI-PMH title and last author match)&oa repository (via pmcid lookup)&open (via crossref license)&open (via page says Open Access),1
oa repository (semantic scholar lookup)&oa repository (via OAI-PMH doi match)&oa repository (via OAI-PMH title and last author match)&oa repository (via pmcid lookup)&open (via free pdf),73
oa repository (semantic scholar lookup)&oa repository (via OAI-PMH doi match)&oa repository (via OAI-PMH title and last author match)&oa repository (via pmcid lookup)&open (via page says license),7
oa repository (semantic scholar lookup)&oa repository (via OAI-PMH doi match)&oa repository (via OAI-PMH title and last author match)&oa repository (via pmcid lookup)&open (via page says Open Access),5
"oa repository (semantic scholar lookup)&oa repository (via OAI-PMH doi match)&oa repository (via OAI-PMH title and last author match)&open (via crossref license, author manuscript)",2
oa repository (semantic scholar lookup)&oa repository (via OAI-PMH doi match)&oa repository (via OAI-PMH title and last author match)&open (via free article),1
oa repository (semantic scholar lookup)&oa repository (via OAI-PMH doi match)&oa repository (via OAI-PMH title and last author match)&open (via free pdf),30
oa repository (semantic scholar lookup)&oa repository (via OAI-PMH doi match)&oa repository (via OAI-PMH title and last author match)&open (via page says license),3
oa repository (semantic scholar lookup)&oa repository (via OAI-PMH doi match)&oa repository (via OAI-PMH title match),6
oa repository (semantic scholar lookup)&oa repository (via OAI-PMH doi match)&oa repository (via OAI-PMH title match)&oa repository (via pmcid lookup),2
oa repository (semantic scholar lookup)&oa repository (via OAI-PMH doi match)&oa repository (via OAI-PMH title match)&oa repository (via pmcid lookup)&open (via crossref license),1
oa repository (semantic scholar lookup)&oa repository (via OAI-PMH doi match)&oa repository (via OAI-PMH title match)&oa repository (via pmcid lookup)&open (via crossref license)&open (via page says Open Access),1
oa repository (semantic scholar lookup)&oa repository (via OAI-PMH doi match)&oa repository (via OAI-PMH title match)&oa repository (via pmcid lookup)&open (via free pdf),48
oa repository (semantic scholar lookup)&oa repository (via OAI-PMH doi match)&oa repository (via OAI-PMH title match)&oa repository (via pmcid lookup)&open (via page says license),3
oa repository (semantic scholar lookup)&oa repository (via OAI-PMH doi match)&oa repository (via OAI-PMH title match)&oa repository (via pmcid lookup)&open (via page says Open Access),4
oa repository (semantic scholar lookup)&oa repository (via OAI-PMH doi match)&oa repository (via OAI-PMH title match)&open (via crossref license),2
oa repository (semantic scholar lookup)&oa repository (via OAI-PMH doi match)&oa repository (via OAI-PMH title match)&open (via crossref license)&open (via page says license),1
oa repository (semantic scholar lookup)&oa repository (via OAI-PMH doi match)&oa repository (via OAI-PMH title match)&open (via free pdf),10
oa repository (semantic scholar lookup)&oa repository (via OAI-PMH doi match)&oa repository (via OAI-PMH title match)&open (via page says license),1
oa repository (semantic scholar lookup)&oa repository (via OAI-PMH doi match)&oa repository (via pmcid lookup),1774
"oa repository (semantic scholar lookup)&oa repository (via OAI-PMH doi match)&oa repository (via pmcid lookup)&open (via crossref license, author manuscript)",4
oa repository (semantic scholar lookup)&oa repository (via OAI-PMH doi match)&oa repository (via pmcid lookup)&open (via crossref license),26
oa repository (semantic scholar lookup)&oa repository (via OAI-PMH doi match)&oa repository (via pmcid lookup)&open (via crossref license)&open (via free pdf),21
oa repository (semantic scholar lookup)&oa repository (via OAI-PMH doi match)&oa repository (via pmcid lookup)&open (via crossref license)&open (via page says license),120
oa repository (semantic scholar lookup)&oa repository (via OAI-PMH doi match)&oa repository (via pmcid lookup)&open (via crossref license)&open (via page says Open Access),106
oa repository (semantic scholar lookup)&oa repository (via OAI-PMH doi match)&oa repository (via pmcid lookup)&open (via free article),30
oa repository (semantic scholar lookup)&oa repository (via OAI-PMH doi match)&oa repository (via pmcid lookup)&open (via free pdf),7179
oa repository (semantic scholar lookup)&oa repository (via OAI-PMH doi match)&oa repository (via pmcid lookup)&open (via page says license),1863
oa repository (semantic scholar lookup)&oa repository (via OAI-PMH doi match)&oa repository (via pmcid lookup)&open (via page says Open Access),648
"oa repository (semantic scholar lookup)&oa repository (via OAI-PMH doi match)&open (via crossref license, author manuscript)",808
"oa repository (semantic scholar lookup)&oa repository (via OAI-PMH doi match)&open (via crossref license, author manuscript)&open (via free pdf)",1
oa repository (semantic scholar lookup)&oa repository (via OAI-PMH doi match)&open (via crossref license),27
oa repository (semantic scholar lookup)&oa repository (via OAI-PMH doi match)&open (via crossref license)&open (via free pdf),24
oa repository (semantic scholar lookup)&oa repository (via OAI-PMH doi match)&open (via crossref license)&open (via page says license),344
oa repository (semantic scholar lookup)&oa repository (via OAI-PMH doi match)&open (via free article),33
oa repository (semantic scholar lookup)&oa repository (via OAI-PMH doi match)&open (via free pdf),3213
oa repository (semantic scholar lookup)&oa repository (via OAI-PMH doi match)&open (via page says license),719
oa repository (semantic scholar lookup)&oa repository (via OAI-PMH doi match)&open (via page says Open Access),237
oa repository (semantic scholar lookup)&oa repository (via OAI-PMH title and first author match),3624
oa repository (semantic scholar lookup)&oa repository (via OAI-PMH title and first author match)&oa repository (via OAI-PMH title and last author match),15
oa repository (semantic scholar lookup)&oa repository (via OAI-PMH title and first author match)&oa repository (via OAI-PMH title and last author match)&oa repository (via pmcid lookup)&open (via free pdf),1
oa repository (semantic scholar lookup)&oa repository (via OAI-PMH title and first author match)&oa repository (via OAI-PMH title and last author match)&oa repository (via pmcid lookup)&open (via page says license),1
oa repository (semantic scholar lookup)&oa repository (via OAI-PMH title and first author match)&oa repository (via OAI-PMH title and last author match)&open (via free pdf),7
oa repository (semantic scholar lookup)&oa repository (via OAI-PMH title and first author match)&oa repository (via OAI-PMH title and last author match)&open (via page says license),2
oa repository (semantic scholar lookup)&oa repository (via OAI-PMH title and first author match)&oa repository (via OAI-PMH title match),4
oa repository (semantic scholar lookup)&oa repository (via OAI-PMH title and first author match)&oa repository (via OAI-PMH title match)&open (via free pdf),2
oa repository (semantic scholar lookup)&oa repository (via OAI-PMH title and first author match)&oa repository (via pmcid lookup),26
oa repository (semantic scholar lookup)&oa repository (via OAI-PMH title and first author match)&oa repository (via pmcid lookup)&open (via crossref license),1
oa repository (semantic scholar lookup)&oa repository (via OAI-PMH title and first author match)&oa repository (via pmcid lookup)&open (via crossref license)&open (via page says license),17
oa repository (semantic scholar lookup)&oa repository (via OAI-PMH title and first author match)&oa repository (via pmcid lookup)&open (via free pdf),160
oa repository (semantic scholar lookup)&oa repository (via OAI-PMH title and first author match)&oa repository (via pmcid lookup)&open (via page says license),36
"oa repository (semantic scholar lookup)&oa repository (via OAI-PMH title and first author match)&open (via crossref license, author manuscript)",63
"oa repository (semantic scholar lookup)&oa repository (via OAI-PMH title and first author match)&open (via crossref license, author manuscript)&open (via free article)",1
oa repository (semantic scholar lookup)&oa repository (via OAI-PMH title and first author match)&open (via crossref license),18
oa repository (semantic scholar lookup)&oa repository (via OAI-PMH title and first author match)&open (via crossref license)&open (via free pdf),24
oa repository (semantic scholar lookup)&oa repository (via OAI-PMH title and first author match)&open (via crossref license)&open (via page says license),113
oa repository (semantic scholar lookup)&oa repository (via OAI-PMH title and first author match)&open (via free article),19
oa repository (semantic scholar lookup)&oa repository (via OAI-PMH title and first author match)&open (via free pdf),1165
oa repository (semantic scholar lookup)&oa repository (via OAI-PMH title and first author match)&open (via page says license),613
oa repository (semantic scholar lookup)&oa repository (via OAI-PMH title and first author match)&open (via page says Open Access),88
oa repository (semantic scholar lookup)&oa repository (via OAI-PMH title and last author match),69
oa repository (semantic scholar lookup)&oa repository (via OAI-PMH title and last author match)&oa repository (via OAI-PMH title match)&open (via free pdf),1
oa repository (semantic scholar lookup)&oa repository (via OAI-PMH title and last author match)&oa repository (via pmcid lookup),1
oa repository (semantic scholar lookup)&oa repository (via OAI-PMH title and last author match)&oa repository (via pmcid lookup)&open (via free pdf),4
"oa repository (semantic scholar lookup)&oa repository (via OAI-PMH title and last author match)&open (via crossref license, author manuscript)",1
oa repository (semantic scholar lookup)&oa repository (via OAI-PMH title and last author match)&open (via free pdf),46
oa repository (semantic scholar lookup)&oa repository (via OAI-PMH title and last author match)&open (via page says license),5
oa repository (semantic scholar lookup)&oa repository (via OAI-PMH title match),20
oa repository (semantic scholar lookup)&oa repository (via OAI-PMH title match)&oa repository (via pmcid lookup),1
oa repository (semantic scholar lookup)&oa repository (via OAI-PMH title match)&open (via free article),2
oa repository (semantic scholar lookup)&oa repository (via OAI-PMH title match)&open (via free pdf),31
oa repository (semantic scholar lookup)&oa repository (via OAI-PMH title match)&open (via page says Open Access),1
oa repository (semantic scholar lookup)&oa repository (via pmcid lookup),458
oa repository (semantic scholar lookup)&oa repository (via pmcid lookup)&open (via crossref license),4
oa repository (semantic scholar lookup)&oa repository (via pmcid lookup)&open (via crossref license)&open (via free pdf),1
oa repository (semantic scholar lookup)&oa repository (via pmcid lookup)&open (via crossref license)&open (via page says license),66
oa repository (semantic scholar lookup)&oa repository (via pmcid lookup)&open (via free article),4
oa repository (semantic scholar lookup)&oa repository (via pmcid lookup)&open (via free pdf),680
oa repository (semantic scholar lookup)&oa repository (via pmcid lookup)&open (via page says license),129
oa repository (semantic scholar lookup)&oa repository (via pmcid lookup)&open (via page says Open Access),1
"oa repository (semantic scholar lookup)&open (via crossref license, author manuscript)",161
oa repository (semantic scholar lookup)&open (via crossref license),37
oa repository (semantic scholar lookup)&open (via crossref license)&open (via free pdf),148
oa repository (semantic scholar lookup)&open (via crossref license)&open (via page says license),118
oa repository (semantic scholar lookup)&open (via crossref license)&open (via page says Open Access),2
oa repository (semantic scholar lookup)&open (via free article),386
oa repository (semantic scholar lookup)&open (via free pdf),8508
oa repository (semantic scholar lookup)&open (via page says license),1415
oa repository (semantic scholar lookup)&open (via page says Open Access),185
oa repository (via OAI-PMH doi match),53074
oa repository (via OAI-PMH doi match)&oa repository (via OAI-PMH title and first author match),11312
oa repository (via OAI-PMH doi match)&oa repository (via OAI-PMH title and first author match)&oa repository (via OAI-PMH title and last author match),81
oa repository (via OAI-PMH doi match)&oa repository (via OAI-PMH title and first author match)&oa repository (via OAI-PMH title and last author match)&oa repository (via OAI-PMH title match),1
oa repository (via OAI-PMH doi match)&oa repository (via OAI-PMH title and first author match)&oa repository (via OAI-PMH title and last author match)&oa repository (via OAI-PMH title match)&oa repository (via pmcid lookup)&open (via free pdf),1
oa repository (via OAI-PMH doi match)&oa repository (via OAI-PMH title and first author match)&oa repository (via OAI-PMH title and last author match)&oa repository (via OAI-PMH title match)&open (via free pdf),1
oa repository (via OAI-PMH doi match)&oa repository (via OAI-PMH title and first author match)&oa repository (via OAI-PMH title and last author match)&oa repository (via OAI-PMH title match)&open (via page says Open Access),1
oa repository (via OAI-PMH doi match)&oa repository (via OAI-PMH title and first author match)&oa repository (via OAI-PMH title and last author match)&oa repository (via pmcid lookup),4
oa repository (via OAI-PMH doi match)&oa repository (via OAI-PMH title and first author match)&oa repository (via OAI-PMH title and last author match)&oa repository (via pmcid lookup)&open (via crossref license),3
oa repository (via OAI-PMH doi match)&oa repository (via OAI-PMH title and first author match)&oa repository (via OAI-PMH title and last author match)&oa repository (via pmcid lookup)&open (via crossref license)&open (via page says license),3
oa repository (via OAI-PMH doi match)&oa repository (via OAI-PMH title and first author match)&oa repository (via OAI-PMH title and last author match)&oa repository (via pmcid lookup)&open (via free pdf),5
oa repository (via OAI-PMH doi match)&oa repository (via OAI-PMH title and first author match)&oa repository (via OAI-PMH title and last author match)&oa repository (via pmcid lookup)&open (via page says license),8
"oa repository (via OAI-PMH doi match)&oa repository (via OAI-PMH title and first author match)&oa repository (via OAI-PMH title and last author match)&open (via crossref license, author manuscript)",6
oa repository (via OAI-PMH doi match)&oa repository (via OAI-PMH title and first author match)&oa repository (via OAI-PMH title and last author match)&open (via crossref license),8
oa repository (via OAI-PMH doi match)&oa repository (via OAI-PMH title and first author match)&oa repository (via OAI-PMH title and last author match)&open (via crossref license)&open (via page says license),7
oa repository (via OAI-PMH doi match)&oa repository (via OAI-PMH title and first author match)&oa repository (via OAI-PMH title and last author match)&open (via free pdf),81
oa repository (via OAI-PMH doi match)&oa repository (via OAI-PMH title and first author match)&oa repository (via OAI-PMH title and last author match)&open (via page says license),6
oa repository (via OAI-PMH doi match)&oa repository (via OAI-PMH title and first author match)&oa repository (via OAI-PMH title match),19
oa repository (via OAI-PMH doi match)&oa repository (via OAI-PMH title and first author match)&oa repository (via OAI-PMH title match)&oa repository (via pmcid lookup),6
oa repository (via OAI-PMH doi match)&oa repository (via OAI-PMH title and first author match)&oa repository (via OAI-PMH title match)&oa repository (via pmcid lookup)&open (via crossref license),1
oa repository (via OAI-PMH doi match)&oa repository (via OAI-PMH title and first author match)&oa repository (via OAI-PMH title match)&oa repository (via pmcid lookup)&open (via crossref license)&open (via page says license),1
oa repository (via OAI-PMH doi match)&oa repository (via OAI-PMH title and first author match)&oa repository (via OAI-PMH title match)&oa repository (via pmcid lookup)&open (via free pdf),8
oa repository (via OAI-PMH doi match)&oa repository (via OAI-PMH title and first author match)&oa repository (via OAI-PMH title match)&oa repository (via pmcid lookup)&open (via page says license),7
oa repository (via OAI-PMH doi match)&oa repository (via OAI-PMH title and first author match)&oa repository (via OAI-PMH title match)&open (via crossref license),3
oa repository (via OAI-PMH doi match)&oa repository (via OAI-PMH title and first author match)&oa repository (via OAI-PMH title match)&open (via crossref license)&open (via page says license),1
oa repository (via OAI-PMH doi match)&oa repository (via OAI-PMH title and first author match)&oa repository (via OAI-PMH title match)&open (via free pdf),10
oa repository (via OAI-PMH doi match)&oa repository (via OAI-PMH title and first author match)&oa repository (via OAI-PMH title match)&open (via page says license),1
oa repository (via OAI-PMH doi match)&oa repository (via OAI-PMH title and first author match)&oa repository (via pmcid lookup),1385
"oa repository (via OAI-PMH doi match)&oa repository (via OAI-PMH title and first author match)&oa repository (via pmcid lookup)&open (via crossref license, author manuscript)",8
oa repository (via OAI-PMH doi match)&oa repository (via OAI-PMH title and first author match)&oa repository (via pmcid lookup)&open (via crossref license),558
oa repository (via OAI-PMH doi match)&oa repository (via OAI-PMH title and first author match)&oa repository (via pmcid lookup)&open (via crossref license)&open (via free pdf),216
oa repository (via OAI-PMH doi match)&oa repository (via OAI-PMH title and first author match)&oa repository (via pmcid lookup)&open (via crossref license)&open (via page says license),797
oa repository (via OAI-PMH doi match)&oa repository (via OAI-PMH title and first author match)&oa repository (via pmcid lookup)&open (via crossref license)&open (via page says Open Access),2
oa repository (via OAI-PMH doi match)&oa repository (via OAI-PMH title and first author match)&oa repository (via pmcid lookup)&open (via free article),46
oa repository (via OAI-PMH doi match)&oa repository (via OAI-PMH title and first author match)&oa repository (via pmcid lookup)&open (via free pdf),1132
oa repository (via OAI-PMH doi match)&oa repository (via OAI-PMH title and first author match)&oa repository (via pmcid lookup)&open (via page says license),1578
oa repository (via OAI-PMH doi match)&oa repository (via OAI-PMH title and first author match)&oa repository (via pmcid lookup)&open (via page says Open Access),56
"oa repository (via OAI-PMH doi match)&oa repository (via OAI-PMH title and first author match)&open (via crossref license, author manuscript)",830
"oa repository (via OAI-PMH doi match)&oa repository (via OAI-PMH title and first author match)&open (via crossref license, author manuscript)&open (via free article)",4
"oa repository (via OAI-PMH doi match)&oa repository (via OAI-PMH title and first author match)&open (via crossref license, author manuscript)&open (via free pdf)",5
oa repository (via OAI-PMH doi match)&oa repository (via OAI-PMH title and first author match)&open (via crossref license),885
oa repository (via OAI-PMH doi match)&oa repository (via OAI-PMH title and first author match)&open (via crossref license)&open (via free pdf),65
oa repository (via OAI-PMH doi match)&oa repository (via OAI-PMH title and first author match)&open (via crossref license)&open (via page says license),865
oa repository (via OAI-PMH doi match)&oa repository (via OAI-PMH title and first author match)&open (via crossref license)&open (via page says Open Access),1
oa repository (via OAI-PMH doi match)&oa repository (via OAI-PMH title and first author match)&open (via free article),268
oa repository (via OAI-PMH doi match)&oa repository (via OAI-PMH title and first author match)&open (via free pdf),5823
oa repository (via OAI-PMH doi match)&oa repository (via OAI-PMH title and first author match)&open (via page says license),691
oa repository (via OAI-PMH doi match)&oa repository (via OAI-PMH title and first author match)&open (via page says Open Access),179
oa repository (via OAI-PMH doi match)&oa repository (via OAI-PMH title and last author match),218
oa repository (via OAI-PMH doi match)&oa repository (via OAI-PMH title and last author match)&oa repository (via OAI-PMH title match),2
oa repository (via OAI-PMH doi match)&oa repository (via OAI-PMH title and last author match)&oa repository (via OAI-PMH title match)&oa repository (via pmcid lookup),1
oa repository (via OAI-PMH doi match)&oa repository (via OAI-PMH title and last author match)&oa repository (via OAI-PMH title match)&open (via crossref license)&open (via page says license),1
oa repository (via OAI-PMH doi match)&oa repository (via OAI-PMH title and last author match)&oa repository (via OAI-PMH title match)&open (via free pdf),12
oa repository (via OAI-PMH doi match)&oa repository (via OAI-PMH title and last author match)&oa repository (via pmcid lookup),23
oa repository (via OAI-PMH doi match)&oa repository (via OAI-PMH title and last author match)&oa repository (via pmcid lookup)&open (via crossref license),4
oa repository (via OAI-PMH doi match)&oa repository (via OAI-PMH title and last author match)&oa repository (via pmcid lookup)&open (via crossref license)&open (via free pdf),5
oa repository (via OAI-PMH doi match)&oa repository (via OAI-PMH title and last author match)&oa repository (via pmcid lookup)&open (via crossref license)&open (via page says license),11
oa repository (via OAI-PMH doi match)&oa repository (via OAI-PMH title and last author match)&oa repository (via pmcid lookup)&open (via free article),1
oa repository (via OAI-PMH doi match)&oa repository (via OAI-PMH title and last author match)&oa repository (via pmcid lookup)&open (via free pdf),94
oa repository (via OAI-PMH doi match)&oa repository (via OAI-PMH title and last author match)&oa repository (via pmcid lookup)&open (via page says license),24
oa repository (via OAI-PMH doi match)&oa repository (via OAI-PMH title and last author match)&oa repository (via pmcid lookup)&open (via page says Open Access),2
"oa repository (via OAI-PMH doi match)&oa repository (via OAI-PMH title and last author match)&open (via crossref license, author manuscript)",8
oa repository (via OAI-PMH doi match)&oa repository (via OAI-PMH title and last author match)&open (via crossref license),12
oa repository (via OAI-PMH doi match)&oa repository (via OAI-PMH title and last author match)&open (via crossref license)&open (via free pdf),1
oa repository (via OAI-PMH doi match)&oa repository (via OAI-PMH title and last author match)&open (via crossref license)&open (via page says license),6
oa repository (via OAI-PMH doi match)&oa repository (via OAI-PMH title and last author match)&open (via free article),4
oa repository (via OAI-PMH doi match)&oa repository (via OAI-PMH title and last author match)&open (via free pdf),151
oa repository (via OAI-PMH doi match)&oa repository (via OAI-PMH title and last author match)&open (via page says license),14
oa repository (via OAI-PMH doi match)&oa repository (via OAI-PMH title and last author match)&open (via page says Open Access),1
oa repository (via OAI-PMH doi match)&oa repository (via OAI-PMH title match),41
oa repository (via OAI-PMH doi match)&oa repository (via OAI-PMH title match)&oa repository (via pmcid lookup),20
oa repository (via OAI-PMH doi match)&oa repository (via OAI-PMH title match)&oa repository (via pmcid lookup)&open (via crossref license),3
oa repository (via OAI-PMH doi match)&oa repository (via OAI-PMH title match)&oa repository (via pmcid lookup)&open (via crossref license)&open (via free pdf),1
oa repository (via OAI-PMH doi match)&oa repository (via OAI-PMH title match)&oa repository (via pmcid lookup)&open (via crossref license)&open (via page says license),2
oa repository (via OAI-PMH doi match)&oa repository (via OAI-PMH title match)&oa repository (via pmcid lookup)&open (via crossref license)&open (via page says Open Access),1
oa repository (via OAI-PMH doi match)&oa repository (via OAI-PMH title match)&oa repository (via pmcid lookup)&open (via free article),3
oa repository (via OAI-PMH doi match)&oa repository (via OAI-PMH title match)&oa repository (via pmcid lookup)&open (via free pdf),72
oa repository (via OAI-PMH doi match)&oa repository (via OAI-PMH title match)&oa repository (via pmcid lookup)&open (via page says license),14
oa repository (via OAI-PMH doi match)&oa repository (via OAI-PMH title match)&open (via crossref license),6
oa repository (via OAI-PMH doi match)&oa repository (via OAI-PMH title match)&open (via crossref license)&open (via page says license),7
oa repository (via OAI-PMH doi match)&oa repository (via OAI-PMH title match)&open (via free article),2
oa repository (via OAI-PMH doi match)&oa repository (via OAI-PMH title match)&open (via free pdf),37
oa repository (via OAI-PMH doi match)&oa repository (via OAI-PMH title match)&open (via page says license),5
oa repository (via OAI-PMH doi match)&oa repository (via pmcid lookup),12709
"oa repository (via OAI-PMH doi match)&oa repository (via pmcid lookup)&open (via crossref license, author manuscript)",45
"oa repository (via OAI-PMH doi match)&oa repository (via pmcid lookup)&open (via crossref license, author manuscript)&open (via free pdf)",3
oa repository (via OAI-PMH doi match)&oa repository (via pmcid lookup)&open (via crossref license),1779
oa repository (via OAI-PMH doi match)&oa repository (via pmcid lookup)&open (via crossref license)&open (via free pdf),1081
oa repository (via OAI-PMH doi match)&oa repository (via pmcid lookup)&open (via crossref license)&open (via page says license),1832
oa repository (via OAI-PMH doi match)&oa repository (via pmcid lookup)&open (via crossref license)&open (via page says Open Access),12
oa repository (via OAI-PMH doi match)&oa repository (via pmcid lookup)&open (via free article),351
oa repository (via OAI-PMH doi match)&oa repository (via pmcid lookup)&open (via free pdf),10513
oa repository (via OAI-PMH doi match)&oa repository (via pmcid lookup)&open (via page says license),4984
oa repository (via OAI-PMH doi match)&oa repository (via pmcid lookup)&open (via page says Open Access),170
"oa repository (via OAI-PMH doi match)&open (via crossref license, author manuscript)",2117
"oa repository (via OAI-PMH doi match)&open (via crossref license, author manuscript)&open (via free article)",18
"oa repository (via OAI-PMH doi match)&open (via crossref license, author manuscript)&open (via free pdf)",2
"oa repository (via OAI-PMH doi match)&open (via crossref license, author manuscript)&open (via page says license)",2
oa repository (via OAI-PMH doi match)&open (via crossref license),2564
oa repository (via OAI-PMH doi match)&open (via crossref license)&open (via free article),3
oa repository (via OAI-PMH doi match)&open (via crossref license)&open (via free pdf),224
oa repository (via OAI-PMH doi match)&open (via crossref license)&open (via page says license),1278
oa repository (via OAI-PMH doi match)&open (via crossref license)&open (via page says Open Access),1
oa repository (via OAI-PMH doi match)&open (via free article),801
oa repository (via OAI-PMH doi match)&open (via free pdf),8813
oa repository (via OAI-PMH doi match)&open (via free pdf)&open (via page says license),1
oa repository (via OAI-PMH doi match)&open (via page says license),1460
oa repository (via OAI-PMH doi match)&open (via page says Open Access),434
oa repository (via OAI-PMH title and first author match),22519
oa repository (via OAI-PMH title and first author match)&oa repository (via OAI-PMH title and last author match),136
oa repository (via OAI-PMH title and first author match)&oa repository (via OAI-PMH title and last author match)&oa repository (via OAI-PMH title match),1
oa repository (via OAI-PMH title and first author match)&oa repository (via OAI-PMH title and last author match)&oa repository (via pmcid lookup)&open (via free pdf),1
oa repository (via OAI-PMH title and first author match)&oa repository (via OAI-PMH title and last author match)&oa repository (via pmcid lookup)&open (via page says license),2
oa repository (via OAI-PMH title and first author match)&oa repository (via OAI-PMH title and last author match)&open (via crossref license),7
oa repository (via OAI-PMH title and first author match)&oa repository (via OAI-PMH title and last author match)&open (via crossref license)&open (via page says license),1
oa repository (via OAI-PMH title and first author match)&oa repository (via OAI-PMH title and last author match)&open (via free article),1
oa repository (via OAI-PMH title and first author match)&oa repository (via OAI-PMH title and last author match)&open (via free pdf),9
oa repository (via OAI-PMH title and first author match)&oa repository (via OAI-PMH title and last author match)&open (via page says license),4
oa repository (via OAI-PMH title and first author match)&oa repository (via OAI-PMH title and last author match)&open (via page says Open Access),1
oa repository (via OAI-PMH title and first author match)&oa repository (via OAI-PMH title match),44
oa repository (via OAI-PMH title and first author match)&oa repository (via OAI-PMH title match)&oa repository (via pmcid lookup),1
oa repository (via OAI-PMH title and first author match)&oa repository (via OAI-PMH title match)&open (via crossref license)&open (via page says license),1
oa repository (via OAI-PMH title and first author match)&oa repository (via OAI-PMH title match)&open (via free pdf),3
oa repository (via OAI-PMH title and first author match)&oa repository (via pmcid lookup),231
"oa repository (via OAI-PMH title and first author match)&oa repository (via pmcid lookup)&open (via crossref license, author manuscript)",1
oa repository (via OAI-PMH title and first author match)&oa repository (via pmcid lookup)&open (via crossref license),24
oa repository (via OAI-PMH title and first author match)&oa repository (via pmcid lookup)&open (via crossref license)&open (via free pdf),20
oa repository (via OAI-PMH title and first author match)&oa repository (via pmcid lookup)&open (via crossref license)&open (via page says license),77
oa repository (via OAI-PMH title and first author match)&oa repository (via pmcid lookup)&open (via free article),23
oa repository (via OAI-PMH title and first author match)&oa repository (via pmcid lookup)&open (via free pdf),237
oa repository (via OAI-PMH title and first author match)&oa repository (via pmcid lookup)&open (via page says license),156
oa repository (via OAI-PMH title and first author match)&oa repository (via pmcid lookup)&open (via page says Open Access),2
"oa repository (via OAI-PMH title and first author match)&open (via crossref license, author manuscript)",136
"oa repository (via OAI-PMH title and first author match)&open (via crossref license, author manuscript)&open (via free article)",5
"oa repository (via OAI-PMH title and first author match)&open (via crossref license, author manuscript)&open (via free pdf)",1
oa repository (via OAI-PMH title and first author match)&open (via crossref license),999
oa repository (via OAI-PMH title and first author match)&open (via crossref license)&open (via free pdf),150
oa repository (via OAI-PMH title and first author match)&open (via crossref license)&open (via page says license),257
oa repository (via OAI-PMH title and first author match)&open (via free article),378
oa repository (via OAI-PMH title and first author match)&open (via free pdf),1548
oa repository (via OAI-PMH title and first author match)&open (via page says license),730
oa repository (via OAI-PMH title and first author match)&open (via page says Open Access),137
oa repository (via OAI-PMH title and last author match),400
oa repository (via OAI-PMH title and last author match)&oa repository (via OAI-PMH title match),3
oa repository (via OAI-PMH title and last author match)&oa repository (via pmcid lookup),2
oa repository (via OAI-PMH title and last author match)&oa repository (via pmcid lookup)&open (via crossref license)&open (via page says license),3
oa repository (via OAI-PMH title and last author match)&oa repository (via pmcid lookup)&open (via free article),1
oa repository (via OAI-PMH title and last author match)&oa repository (via pmcid lookup)&open (via free pdf),6
oa repository (via OAI-PMH title and last author match)&oa repository (via pmcid lookup)&open (via page says license),3
"oa repository (via OAI-PMH title and last author match)&open (via crossref license, author manuscript)",1
oa repository (via OAI-PMH title and last author match)&open (via crossref license),23
oa repository (via OAI-PMH title and last author match)&open (via crossref license)&open (via free pdf),7
oa repository (via OAI-PMH title and last author match)&open (via crossref license)&open (via page says license),7
oa repository (via OAI-PMH title and last author match)&open (via free article),7
oa repository (via OAI-PMH title and last author match)&open (via free pdf),33
oa repository (via OAI-PMH title and last author match)&open (via page says license),6
oa repository (via OAI-PMH title and last author match)&open (via page says Open Access),4
oa repository (via OAI-PMH title match),61
oa repository (via OAI-PMH title match)&oa repository (via pmcid lookup),3
oa repository (via OAI-PMH title match)&oa repository (via pmcid lookup)&open (via free pdf),2
oa repository (via OAI-PMH title match)&open (via crossref license),1
oa repository (via OAI-PMH title match)&open (via free article),2
oa repository (via OAI-PMH title match)&open (via free pdf),21
oa repository (via OAI-PMH title match)&open (via page says license),2
oa repository (via pmcid lookup),2325
"oa repository (via pmcid lookup)&open (via crossref license, author manuscript)",14
"oa repository (via pmcid lookup)&open (via crossref license, author manuscript)&open (via free article)",2
"oa repository (via pmcid lookup)&open (via crossref license, author manuscript)&open (via free pdf)",1
oa repository (via pmcid lookup)&open (via crossref license),63
oa repository (via pmcid lookup)&open (via crossref license)&open (via free article),1
oa repository (via pmcid lookup)&open (via crossref license)&open (via free pdf),86
oa repository (via pmcid lookup)&open (via crossref license)&open (via page says license),277
oa repository (via pmcid lookup)&open (via crossref license)&open (via page says Open Access),1
oa repository (via pmcid lookup)&open (via free article),270
oa repository (via pmcid lookup)&open (via free pdf),2322
oa repository (via pmcid lookup)&open (via page says license),601
oa repository (via pmcid lookup)&open (via page says Open Access),5
"open (via crossref license, author manuscript)",851
"open (via crossref license, author manuscript)&open (via free article)",19
"open (via crossref license, author manuscript)&open (via free pdf)",3
open (via crossref license),6260
open (via crossref license)&open (via free article),4
open (via crossref license)&open (via free pdf),1870
open (via crossref license)&open (via page says license),1107
open (via crossref license)&open (via page says Open Access),2
open (via free article),4289
open (via free pdf),19599
open (via free pdf)&open (via page says license),1
open (via page says license),3003
open (via page says Open Access),774
